step,sim_time,dt,advance_wall_time,reaction_wall_time,cumulative_wall_time
0,0.0,1e-08,0.264441985,0.1444,0.264441985
1,1e-08,1.1e-08,0.24445533,0.148637232,0.508897315
2,2.1e-08,1.21e-08,0.244844207,0.14925185800000002,0.753741522
3,3.31e-08,1.331e-08,0.251172698,0.15519881000000002,1.00491422
4,4.641e-08,1.4641e-08,0.246664687,0.149825384,1.251578907
5,6.1051e-08,1.61051e-08,0.245066481,0.148670484,1.4966453880000001
6,7.71561e-08,1.771561e-08,0.24710308,0.14855446900000002,1.7437484680000002
7,9.487171e-08,1.9487171e-08,0.245411514,0.149262449,1.989159982
8,1.14358881e-07,2.14358881e-08,0.247818206,0.148834849,2.236978188
9,1.357947691e-07,2.357947691e-08,0.245010605,0.148617543,2.481988793
10,1.59374246e-07,2.59374246e-08,0.245103463,0.148908193,2.727092256
11,1.853116706e-07,2.853116706e-08,0.244851256,0.149223023,2.971943512
12,2.138428377e-07,3.138428377e-08,0.260554385,0.162926887,3.232497897
13,2.452271214e-07,3.452271214e-08,0.245169579,0.14912125999999998,3.477667476
14,2.797498336e-07,3.797498336e-08,0.245208203,0.148973372,3.7228756790000004
15,3.177248169e-07,4.177248169e-08,0.244741149,0.14894834699999998,3.9676168280000006
16,3.594972986e-07,4.594972986e-08,0.244635901,0.148916522,4.212252729
17,4.054470285e-07,5.054470285e-08,0.244466795,0.148577165,4.456719524
18,4.559917313e-07,5.559917313e-08,0.245453644,0.14888037999999998,4.702173168000001
19,5.115909045e-07,6.115909045e-08,0.248069425,0.148676021,4.9502425930000005
20,5.727499949e-07,6.727499949e-08,0.245797692,0.149179441,5.1960402850000005
21,6.400249944e-07,7.400249944e-08,0.245714056,0.149104368,5.441754341
22,7.140274939e-07,8.140274939e-08,0.251268903,0.154827131,5.693023244
23,7.954302433e-07,8.954302433e-08,0.246534588,0.148825616,5.939557832
24,8.849732676e-07,9.849732676e-08,0.245440957,0.148841535,6.184998789
25,9.834705943e-07,1.083470594e-07,0.24558191,0.14906617500000002,6.430580699
26,1.091817654e-06,1.191817654e-07,0.245502391,0.148470828,6.67608309
27,1.210999419e-06,1.310999419e-07,0.24517525,0.148735224,6.92125834
28,1.342099361e-06,1.442099361e-07,0.245475047,0.14933298099999998,7.166733387
29,1.486309297e-06,1.586309297e-07,0.245180098,0.149055033,7.4119134849999995
30,1.644940227e-06,1.744940227e-07,0.245779179,0.149373858,7.657692664
31,1.81943425e-06,1.91943425e-07,0.256530275,0.15997434300000002,7.914222939
32,2.011377675e-06,2.111377675e-07,0.246784517,0.14912688200000002,8.161007456
33,2.222515442e-06,2.322515442e-07,0.246404854,0.14908401599999999,8.40741231
34,2.454766986e-06,2.554766986e-07,0.249600792,0.153176669,8.657013102
35,2.710243685e-06,2.810243685e-07,0.245649519,0.149102632,8.902662621000001
36,2.991268053e-06,3.091268053e-07,0.246481213,0.14950506,9.149143834
37,3.300394859e-06,3.400394859e-07,0.246131957,0.14877329,9.395275791
38,3.640434344e-06,3.740434344e-07,0.246030083,0.149119618,9.641305874
39,4.014477779e-06,4.114477779e-07,0.245798143,0.148574109,9.887104017
40,4.425925557e-06,4.525925557e-07,0.247648584,0.150712688,10.134752601
41,4.878518112e-06,4.978518112e-07,0.245701314,0.14916532500000002,10.380453915
42,5.376369924e-06,5.476369924e-07,0.245193582,0.14894299900000002,10.625647497000001
43,5.924006916e-06,6.024006916e-07,0.245892276,0.14924554299999998,10.871539773
44,6.526407608e-06,6.626407608e-07,0.245811017,0.14932897,11.11735079
45,7.189048369e-06,7.289048369e-07,0.245816939,0.14891487,11.363167729
46,7.917953205e-06,8.017953205e-07,0.246282112,0.148683462,11.609449841
47,8.719748526e-06,8.819748526e-07,0.247277342,0.150275063,11.856727183
48,9.601723378e-06,9.701723378e-07,0.24557368,0.148589747,12.102300863
49,1.057189572e-05,1.067189572e-06,0.245596349,0.149032371,12.347897212
50,1.163908529e-05,1.173908529e-06,0.249624691,0.14982497099999997,12.597521902999999
51,1.281299382e-05,1.291299382e-06,0.248331058,0.15110934799999998,12.845852960999999
52,1.41042932e-05,1.42042932e-06,0.245859061,0.149212591,13.091712022
53,1.552472252e-05,1.562472252e-06,0.245990337,0.148705158,13.337702359
54,1.708719477e-05,1.718719477e-06,0.248208981,0.148768112,13.58591134
55,1.880591425e-05,1.890591425e-06,0.245839241,0.148904094,13.831750581
56,2.069650567e-05,2.079650567e-06,0.245541244,0.14902950799999998,14.077291825
57,2.277615624e-05,2.287615624e-06,0.245676612,0.148871852,14.322968437
58,2.506377186e-05,2.516377186e-06,0.24549839,0.149020297,14.568466827
59,2.758014905e-05,2.768014905e-06,0.24555633,0.148780726,14.814023157
60,3.034816395e-05,3.044816395e-06,0.245834872,0.14895801,15.059858028999999
61,3.339298035e-05,3.349298035e-06,0.24532932,0.148474659,15.305187348999999
62,3.674227838e-05,3.684227838e-06,0.245458054,0.148317396,15.550645402999999
63,4.042650622e-05,4.052650622e-06,0.245918906,0.148719959,15.796564308999999
64,4.447915685e-05,4.457915685e-06,0.245988968,0.149262764,16.042553277
65,4.893707253e-05,4.903707253e-06,0.246011391,0.149385779,16.288564668
66,5.384077978e-05,5.394077978e-06,0.245596561,0.14921614,16.534161229
67,5.923485776e-05,5.933485776e-06,0.246212566,0.149089651,16.780373795
68,6.516834354e-05,6.526834354e-06,0.246136923,0.149448165,17.026510718
69,7.169517789e-05,7.179517789e-06,0.245739443,0.148783142,17.272250161000002
70,7.887469568e-05,7.897469568e-06,0.245716302,0.14838258,17.517966463000004
71,8.677216525e-05,8.687216525e-06,0.24557934,0.149062955,17.763545803000003
72,9.545938177e-05,9.555938177e-06,0.245754242,0.149236234,18.009300045000003
73,0.00010501532,1.0511532e-05,0.246718723,0.149395844,18.256018768000004
74,0.0001155268519,1.156268519e-05,0.246575364,0.14967005,18.502594132000006
75,0.0001270895371,1.271895371e-05,0.246205944,0.14913057000000002,18.748800076000006
76,0.0001398084909,1.399084909e-05,0.24589793,0.148837416,18.994698006000007
77,0.0001537993399,1.538993399e-05,0.246594191,0.149589513,19.241292197000007
78,0.0001691892739,1.692892739e-05,0.246201393,0.149227285,19.487493590000007
79,0.0001861182013,1.862182013e-05,0.247373705,0.149864406,19.734867295000008
80,0.0002047400215,2.048400215e-05,0.246359787,0.149688488,19.981227082000007
81,0.0002252240236,2.253240236e-05,0.245834096,0.14924028,20.227061178000007
82,0.000247756426,2.47856426e-05,0.246063226,0.149602711,20.473124404000007
83,0.0002725420686,2.726420686e-05,0.246102269,0.149219146,20.71922667300001
84,0.0002998062754,2.999062754e-05,0.246708917,0.149012044,20.965935590000008
85,0.000329796903,3.29896903e-05,0.246204824,0.14915453899999997,21.212140414000007
86,0.0003627865933,3.628865933e-05,0.245850317,0.148898867,21.457990731000006
87,0.0003990752526,3.991752526e-05,0.24572444,0.148917516,21.703715171000006
88,0.0004389927778,4.390927778e-05,0.248445414,0.15169839000000002,21.952160585000005
89,0.0004829020556,4.830020556e-05,0.246191896,0.149185814,22.198352481000004
90,0.0005312022612,5.313022612e-05,0.259459005,0.16173499200000002,22.457811486000004
91,0.0005843324873,5.844324873e-05,0.246457743,0.14912961600000002,22.704269229000005
92,0.000642775736,6.42875736e-05,0.24645547,0.14955190699999998,22.950724699000006
93,0.0007070633096,7.071633096e-05,0.24664245,0.149594525,23.197367149000005
94,0.0007777796406,7.537998436e-05,0.247264983,0.14955213099999998,23.444632132000006
95,0.000853159625,7.604703945e-05,0.246238563,0.14922688099999998,23.690870695000005
96,0.0009292066644,7.679914817e-05,0.245596858,0.149034162,23.936467553000004
97,0.001006005813,7.775091235e-05,0.24570507,0.148697825,24.182172623000003
98,0.001083756725,7.890208913e-05,0.245606162,0.148581817,24.427778785000005
99,0.001162658814,8.025969101e-05,0.246031458,0.148833856,24.673810243000005
100,0.001242918505,8.1834188e-05,0.245917178,0.148860653,24.919727421000005
101,0.001324752693,8.28492148e-05,0.245735285,0.148646854,25.165462706000003
102,0.001407601908,8.318931076e-05,0.245999766,0.148828977,25.411462472000004
103,0.001490791219,8.354673578e-05,0.247764961,0.149334481,25.659227433000005
104,0.001574337954,8.392341834e-05,0.246919019,0.149177777,25.906146452000005
105,0.001658261373,8.432214901e-05,0.245777543,0.148983744,26.151923995000004
106,0.001742583522,8.47449454e-05,0.245860387,0.14864999499999998,26.397784382000005
107,0.001827328467,8.519476913e-05,0.246999752,0.14892750100000002,26.644784134000005
108,0.001912523236,8.567360801e-05,0.246167843,0.148410715,26.890951977000004
109,0.001998196844,8.618612874e-05,0.266712096,0.169522482,27.157664073000003
110,0.002084382973,8.674244643e-05,0.246342192,0.1490976,27.404006265000003
111,0.002171125419,8.73662391e-05,0.245906817,0.149047801,27.649913082000005
112,0.002258491659,8.812817587e-05,0.245806776,0.148712159,27.895719858000003
113,0.002346619834,8.903386767e-05,0.245703972,0.148809213,28.141423830000004
114,0.002435653702,9.009210072e-05,0.245068686,0.14805558800000002,28.386492516000004
115,0.002525745803,9.059246971e-05,0.245751079,0.148060653,28.632243595000006
116,0.002616338273,9.09352493e-05,0.246224397,0.148716071,28.878467992000004
117,0.002707273522,9.129304343e-05,0.251081325,0.15412527599999998,29.129549317000006
118,0.002798566565,9.166669362e-05,0.245767926,0.148722132,29.375317243000005
119,0.002890233259,9.205696321e-05,0.245618746,0.14889943,29.620935989000007
120,0.002982290222,9.246447518e-05,0.246233186,0.14858385400000002,29.867169175000008
121,0.003074754697,9.288993055e-05,0.246201554,0.14927807599999998,30.113370729000007
122,0.003167644628,9.333493241e-05,0.245566121,0.148387216,30.358936850000006
123,0.00326097956,9.379988795e-05,0.245717493,0.148051253,30.604654343000007
124,0.003354779448,9.428583295e-05,0.245492744,0.148745818,30.850147087000007
125,0.003449065281,9.479873118e-05,0.245964296,0.148448198,31.096111383000007
126,0.003543864012,9.534891329e-05,0.246314708,0.14891058899999998,31.342426091000007
127,0.003639212926,9.598672316e-05,0.249437223,0.15245239500000002,31.59186331400001
128,0.003735199649,9.674521216e-05,0.245993683,0.148834285,31.837856997000006
129,0.003831944861,9.723193016e-05,0.30948266,0.150618242,32.147339657
130,0.003929176791,9.756204003e-05,0.246535545,0.149025432,32.393875202000004
131,0.004026738831,9.79005499e-05,0.245967541,0.149107681,32.639842743
132,0.004124639381,9.824855843e-05,0.245538943,0.148278911,32.885381686
133,0.004222887939,9.860690621e-05,0.264424349,0.148570539,33.149806035000005
134,0.004321494846,9.897581849e-05,0.246179474,0.148527685,33.395985509000006
135,0.004420470664,9.935770917e-05,0.262301026,0.148952433,33.65828653500001
136,0.004519828373,9.975433055e-05,0.247356054,0.15081128300000002,33.90564258900001
137,0.004619582704,0.0001001669528,0.246372475,0.149329553,34.15201506400001
138,0.004719749657,0.0001005968482,0.245997574,0.14907390199999998,34.39801263800001
139,0.004820346505,8.982674757e-05,0.249385259,0.152126292,34.64739789700001
140,0.004910173252,8.982674757e-05,0.245967408,0.14875514099999998,34.89336530500001
141,0.005,9.880942233e-05,0.246317698,0.14911923900000001,35.13968300300001
142,0.005098809422,0.0001024574814,0.247924121,0.14889458900000002,35.387607124000006
143,0.005201266904,0.0001029090638,0.24616905,0.14841572,35.633776174000005
144,0.005304175968,0.0001032118802,0.245501811,0.148088873,35.879277985
145,0.005407387848,0.0001035203014,0.246157162,0.148644362,36.125435147000005
146,0.005510908149,0.00010383552,0.247843609,0.149098277,36.373278756000005
147,0.005614743669,0.0001041586277,0.245871802,0.148925169,36.61915055800001
148,0.005718902297,0.0001044893731,0.245587456,0.14900112199999999,36.86473801400001
149,0.00582339167,0.0001048307684,0.245974323,0.149019087,37.11071233700001
150,0.005928222438,0.0001051843165,0.246265992,0.148980137,37.35697832900001
151,0.006033406755,0.0001055513202,0.245610541,0.148399098,37.602588870000005
152,0.006138958075,0.0001059335593,0.245708063,0.14849072400000002,37.84829693300001
153,0.006244891634,0.000106332852,0.245558404,0.148748665,38.09385533700001
154,0.006351224486,0.0001067510729,0.245577359,0.148794105,38.33943269600001
155,0.006457975559,0.0001071967603,0.245658372,0.148940353,38.58509106800001
156,0.00656517232,0.0001076841662,0.245346468,0.148408184,38.83043753600001
157,0.006672856486,0.0001079613826,0.246243594,0.148942778,39.07668113000001
158,0.006780817869,0.0001082422622,0.245859386,0.149285557,39.32254051600001
159,0.006889060131,0.0001085279824,0.24583823,0.148812571,39.56837874600001
160,0.006997588113,0.0001088196073,0.248227381,0.151073185,39.81660612700001
161,0.00710640772,0.000109117104,0.245614036,0.14842667199999998,40.062220163000006
162,0.007215524825,0.0001094226618,0.245637255,0.148350675,40.307857418000005
163,0.007324947486,0.0001097379112,0.245440824,0.148304524,40.553298242000004
164,0.007434685398,0.0001100642997,0.245415708,0.148469172,40.79871395000001
165,0.007544749697,0.000110403535,0.245957556,0.148978366,41.04467150600001
166,0.007655153232,0.0001107573996,0.245415173,0.148829561,41.290086679000005
167,0.007765910632,0.0001111277398,0.245520998,0.148762508,41.53560767700001
168,0.007877038372,0.0001115164724,0.245145262,0.148577151,41.78075293900001
169,0.007988554844,0.0001119325825,0.245776395,0.14898797600000002,42.02652933400001
170,0.008100487427,0.0001122205322,0.249528614,0.152498694,42.27605794800001
171,0.008212707959,0.0001124798983,0.245540247,0.14817920299999998,42.52159819500001
172,0.008325187857,0.000112742681,0.249494007,0.150655536,42.77109220200001
173,0.008437930538,0.0001130098849,0.249740199,0.15101798900000002,43.020832401000014
174,0.008550940423,0.0001132810242,0.247178693,0.14929990199999998,43.268011094000016
175,0.008664221447,0.0001135589227,0.248918552,0.150445893,43.516929646000015
176,0.00877778037,0.0001138447474,0.247004158,0.149005273,43.76393380400002
177,0.008891625117,0.0001141400678,0.248559097,0.149838384,44.012492901000016
178,0.009005765185,0.000114446543,0.250866476,0.152055726,44.263359377000015
179,0.009120211728,0.000114765955,0.249249866,0.150913183,44.512609243000014
180,0.009234977683,0.0001151001228,0.24590556,0.148321584,44.75851480300001
181,0.009350077806,0.0001154508895,0.245534327,0.148722154,45.00404913000001
182,0.009465528695,0.000115822948,0.245424976,0.14884138200000002,45.249474106000015
183,0.009581351643,0.0001160807085,0.258036106,0.161147936,45.507510212000014
184,0.009697432352,0.0001163201841,0.245960473,0.148714422,45.75347068500001
185,0.009813752536,9.3123732e-05,0.245784301,0.1487311,45.99925498600001
186,0.009906876268,9.3123732e-05,0.245563135,0.14910832699999998,46.24481812100001
187,0.01,0.0001024361052,0.245668225,0.148873846,46.49048634600001
188,0.01010243611,0.0001126797157,0.250491418,0.152293417,46.740977764000014
189,0.01021511582,0.0001174179801,0.249375064,0.150246942,46.99035282800001
190,0.0103325338,0.0001176830527,0.24806664,0.14916248599999998,47.23841946800001
191,0.01045021685,0.0001179573935,0.248562567,0.15011803,47.48698203500001
192,0.01056817425,0.0001182426628,0.247116625,0.149095806,47.73409866000001
193,0.01068641691,0.0001185405582,0.250974747,0.151343898,47.98507340700001
194,0.01080495747,0.0001188527572,0.251694745,0.152487736,48.23676815200001
195,0.01092381023,0.0001191811877,0.245678312,0.148342123,48.48244646400001
196,0.01104299141,0.0001194619771,0.245583716,0.148467614,48.72803018000001
197,0.01116245339,0.0001196822856,0.261029287,0.161692129,48.98905946700001
198,0.01128213568,0.0001199045887,0.245162252,0.148334815,49.23422171900001
199,0.01140204026,0.0001201295143,0.258638752,0.161763585,49.492860471000014
200,0.01152216978,0.0001203565212,0.245910217,0.148981319,49.73877068800002
201,0.0116425263,0.0001205879659,0.245572006,0.148796806,49.98434269400002
202,0.01176311427,0.0001208251135,0.245227668,0.14838936,50.22957036200002
203,0.01188393938,0.0001210693692,0.245288511,0.148602248,50.47485887300002
204,0.01200500875,0.0001213222899,0.245415398,0.148767863,50.720274271000015
205,0.01212633104,0.0001215855106,0.24538284,0.148646692,50.96565711100001
206,0.01224791655,0.0001218606131,0.245646088,0.149167254,51.211303199000014
207,0.01236977716,0.000122149229,0.245346685,0.148544276,51.456649884000015
208,0.01249192639,0.0001224532994,0.246039681,0.148858492,51.702689565000014
209,0.01261437969,0.0001226689804,0.245333434,0.14808395,51.94802299900002
210,0.01273704867,0.0001228720401,0.246497774,0.149216481,52.194520773000015
211,0.01285992071,0.0001230768966,0.245228363,0.148706485,52.43974913600002
212,0.01298299761,0.0001232829199,0.245846431,0.149186955,52.685595567000014
213,0.01310628053,0.0001234921466,0.245256173,0.14875068600000002,52.930851740000016
214,0.01322977267,0.000123705587,0.245875376,0.149352338,53.176727116000016
215,0.01335347826,0.0001239245503,0.245282202,0.148721149,53.422009318000015
216,0.01347740281,0.00012415041,0.245168615,0.148517226,53.66717793300001
217,0.01360155322,0.0001243847559,0.245612913,0.148359272,53.912790846000014
218,0.01372593798,0.000124629055,0.244998493,0.148224709,54.15778933900001
219,0.01385056703,0.0001248848458,0.245144446,0.148802398,54.40293378500001
220,0.01397545188,0.0001251536807,0.24548134,0.14873824400000002,54.64841512500001
221,0.01410060556,0.0001254007147,0.245394493,0.14890250500000002,54.893809618000006
222,0.01422600627,0.0001255830282,0.246020411,0.148081682,55.13983002900001
223,0.0143515893,0.0001257696618,0.245215521,0.148266862,55.38504555000001
224,0.01447735896,0.0001259571278,0.244791789,0.14818352299999998,55.629837339000005
225,0.01460331609,0.0001261467145,0.245446275,0.148076447,55.875283614000004
226,0.01472946281,0.0001263394016,0.245121535,0.148050939,56.12040514900001
227,0.01485580221,7.209889616e-05,0.245656112,0.14902991399999999,56.366061261000006
228,0.0149279011,7.209889616e-05,0.24583855,0.149513064,56.61189981100001
229,0.015,7.930878577e-05,0.246130249,0.14913803,56.858030060000004
230,0.01507930879,8.723966435e-05,0.246271662,0.149042364,57.104301722
231,0.01516654845,9.596363078e-05,0.24772266,0.15063969,57.352024382
232,0.01526251208,0.0001055599939,0.24543506,0.14850819199999998,57.597459442
233,0.01536807207,0.0001161159932,0.245303209,0.148377593,57.842762651
234,0.01548418807,0.0001275962809,0.244794664,0.148349721,58.087557315
235,0.01561178435,0.0001278479367,0.245052111,0.148519877,58.332609426
236,0.01573963229,0.0001280365251,0.244605143,0.14827272000000002,58.577214569
237,0.01586766881,0.0001282049045,0.245440275,0.14835620900000002,58.822654844
238,0.01599587372,0.0001283747502,0.245225475,0.148661045,59.067880319
239,0.01612424847,0.0001285460393,0.244848848,0.14805453600000001,59.31272916699999
240,0.0162527945,0.0001287196573,0.245007305,0.147705806,59.557736471999995
241,0.01638151416,0.000128896539,0.245470957,0.147887078,59.803207429
242,0.0165104107,0.0001290778677,0.245926983,0.14852863900000002,60.049134411999994
243,0.01663948857,0.0001292649701,0.246694876,0.14948512,60.29582928799999
244,0.01676875354,0.0001294591525,0.245548248,0.149000247,60.54137753599999
245,0.01689821269,0.0001296617491,0.245288163,0.148677679,60.78666569899999
246,0.01702787444,0.0001298741297,0.245626614,0.149000346,61.03229231299999
247,0.01715774857,0.0001300977044,0.245682898,0.148769894,61.27797521099999
248,0.01728784627,0.0001302829508,0.24531038,0.148167417,61.52328559099999
249,0.01741812923,0.0001304324148,0.245168071,0.148190524,61.76845366199999
250,0.01754856164,0.0001305853501,0.24527044,0.14823308899999998,62.01372410199999
251,0.01767914699,0.0001307394078,0.245545137,0.1487476,62.25926923899999
252,0.0178098864,0.0001308951766,0.24568686,0.148601105,62.50495609899999
253,0.01794078157,0.0001310534633,0.248516112,0.15207954899999998,62.75347221099999
254,0.01807183504,0.000131215363,0.258737522,0.162058731,63.012209732999985
255,0.0182030504,0.0001313820929,0.246369192,0.148318825,63.25857892499999
256,0.01833443249,0.0001315548641,0.244930739,0.14797963,63.503509663999985
257,0.01846598736,0.0001317349133,0.24482562,0.14828217100000002,63.748335283999985
258,0.01859772227,0.0001319235047,0.249865686,0.153217707,63.998200969999985
259,0.01872964578,0.0001321219308,0.247528475,0.14905258999999998,64.24572944499998
260,0.01886176771,0.0001323040671,0.245921579,0.148499758,64.49165102399998
261,0.01899407177,0.0001324360369,0.245087266,0.14847243,64.73673828999998
262,0.01912650781,0.0001325721208,0.244737048,0.147909975,64.98147533799998
263,0.01925907993,0.000132709405,0.245747281,0.14794981899999998,65.22722261899999
264,0.01939178934,0.0001328479547,0.245796456,0.148569045,65.47301907499998
265,0.01952463729,0.0001329884595,0.246884931,0.14976245300000002,65.71990400599998
266,0.01965762575,0.0001331319117,0.244920545,0.14848788200000002,65.96482455099998
267,0.01979075766,0.0001046211688,0.245705658,0.14895811,66.21053020899998
268,0.01989537883,0.0001046211688,0.245494529,0.14864560599999999,66.45602473799998
269,0.02,0.0001150832857,0.245493046,0.148195929,66.70151778399998
270,0.02011508329,0.0001265916142,0.245778038,0.14882416599999998,66.94729582199997
271,0.0202416749,0.0001338151151,0.245065435,0.14852412999999998,67.19236125699997
272,0.02037549001,0.0001339940997,0.244660609,0.148303883,67.43702186599997
273,0.02050948411,0.0001341461023,0.2448669,0.14853012100000001,67.68188876599997
274,0.02064363022,0.0001342628938,0.245664481,0.148869396,67.92755324699998
275,0.02077789311,0.0001343833474,0.245978144,0.148936128,68.17353139099998
276,0.02091227646,0.000134504636,0.245777054,0.14915014,68.41930844499998
277,0.02104678109,0.0001346270378,0.245286672,0.14840195,68.66459511699999
278,0.02118140813,0.000134751277,0.245611756,0.148758713,68.91020687299999
279,0.02131615941,0.0001348783254,0.24508665,0.148577487,69.155293523
280,0.02145103773,0.0001350092013,0.245725391,0.14891312899999998,69.40101891399999
281,0.02158604694,0.0001351449322,0.245493279,0.14822317499999998,69.64651219299999
282,0.02172119187,0.0001352865771,0.244927663,0.148239128,69.89143985599999
283,0.02185647844,0.0001354352225,0.245206342,0.148095431,70.136646198
284,0.02199191367,0.0001355919729,0.245090847,0.148184845,70.381737045
285,0.02212750564,0.0001357287875,0.245180592,0.14829071700000002,70.62691763699999
286,0.02226323443,0.0001358289819,0.244484809,0.147770705,70.87140244599999
287,0.02239906341,0.0001359326981,0.245726665,0.14852446,71.117129111
288,0.02253499611,0.0001360379183,0.245214243,0.148374118,71.362343354
289,0.02267103403,0.0001361440254,0.244947626,0.147969967,71.60729098
290,0.02280717805,0.000136251512,0.24524637,0.147842251,71.85253735
291,0.02294342956,0.0001363613176,0.245236503,0.148179143,72.097773853
292,0.02307979088,0.0001364743472,0.245021231,0.148260601,72.342795084
293,0.02321626523,0.0001365915492,0.245456335,0.148627252,72.588251419
294,0.02335285678,0.0001367139004,0.247914303,0.150932659,72.836165722
295,0.02348957068,0.0001368423807,0.245543802,0.14851724700000002,73.081709524
296,0.02362641306,0.0001369779912,0.244943107,0.147430846,73.326652631
297,0.02376339105,0.0001371004886,0.245604375,0.147899404,73.572257006
298,0.02390049154,0.0001371852057,0.244852994,0.147947479,73.81711
299,0.02403767674,0.0001372725382,0.245431189,0.14802036899999998,74.062541189
300,0.02417494928,0.0001373617951,0.245593649,0.148001213,74.308134838
301,0.02431231108,0.0001374517072,0.24507798,0.148402046,74.553212818
302,0.02444976278,0.0001375427931,0.245387334,0.148254784,74.798600152
303,0.02458730558,0.0001376357798,0.245160421,0.14809076599999998,75.043760573
304,0.02472494136,0.0001375293213,0.244975731,0.14806686,75.288736304
305,0.02486247068,0.0001375293213,0.245554471,0.147943987,75.534290775
306,0.025,0.0001379341139,0.245071127,0.148211859,75.779361902
307,0.02513793411,0.0001380431809,0.245883435,0.149060986,76.025245337
308,0.02527597729,0.0001381585267,0.260742967,0.16316684199999998,76.285988304
309,0.02541413582,0.0001382655553,0.246330475,0.148620655,76.532318779
310,0.02555240138,0.0001383351194,0.246128753,0.148555528,76.77844753199999
311,0.0256907365,0.0001384065308,0.25267506,0.15535506999999998,77.03112259199999
312,0.02582914303,0.0001384800944,0.245465824,0.14866248799999998,77.27658841599998
313,0.02596762312,0.0001385541135,0.24552783,0.148707886,77.52211624599998
314,0.02610617723,0.0001386291367,0.244889744,0.148162629,77.76700598999999
315,0.02624480637,0.0001387057242,0.245614146,0.14861821,78.01262013599998
316,0.0263835121,0.0001387845632,0.25645778,0.15970035999999999,78.26907791599999
317,0.02652229666,0.0001388664195,0.249903953,0.152606568,78.51898186899999
318,0.02666116308,0.0001389521035,0.24524251,0.147512501,78.76422437899998
319,0.02680011518,0.0001390424483,0.24532959,0.148423507,79.00955396899998
320,0.02693915763,0.0001391382865,0.245077304,0.148251332,79.25463127299999
321,0.02707829592,0.0001392288789,0.245273777,0.148541224,79.49990504999998
322,0.0272175248,0.0001392835116,0.244964024,0.148363246,79.74486907399998
323,0.02735680831,0.0001393393837,0.24484511,0.1481791,79.98971418399998
324,0.02749614769,0.0001393975429,0.245833385,0.148363728,80.23554756899998
325,0.02763554523,0.0001394560907,0.244832181,0.148228566,80.48037974999998
326,0.02777500132,0.0001395153733,0.245528681,0.14881327,80.72590843099998
327,0.0279145167,0.0001395759509,0.245757196,0.148435559,80.97166562699998
328,0.02805409265,0.0001396383901,0.245047481,0.147873782,81.21671310799998
329,0.02819373104,0.0001397033945,0.245576552,0.14859930300000002,81.46228965999998
330,0.02833343443,0.0001397716805,0.245528823,0.14812206,81.70781848299998
331,0.02847320611,0.0001398439586,0.245878816,0.148740598,81.95369729899998
332,0.02861305007,0.0001399209633,0.244992631,0.147670349,82.19868992999999
333,0.02875297104,0.0001399949914,0.246113763,0.148531835,82.44480369299998
334,0.02889296603,0.0001400350934,0.24506384,0.14777311399999998,82.68986753299998
335,0.02903300112,0.0001400758887,0.248156643,0.150935763,82.93802417599998
336,0.02917307701,0.0001401190155,0.244737335,0.147885507,83.18276151099998
337,0.02931319602,0.0001401625257,0.245643708,0.14900064600000001,83.42840521899998
338,0.02945335855,0.0001402065671,0.24497813,0.148422508,83.67338334899999
339,0.02959356512,0.0001402516612,0.245081803,0.148148101,83.918465152
340,0.02973381678,0.0001330916106,0.245989775,0.148380709,84.164454927
341,0.02986690839,0.0001330916106,0.24530351,0.148123054,84.409758437
342,0.03,0.0001403923957,0.245148181,0.147862644,84.654906618
343,0.0301403924,0.0001404469145,0.244930627,0.147923424,84.899837245
344,0.03028083931,0.0001405052976,0.256476113,0.148881918,85.156313358
345,0.03042134461,0.00014056711,0.247708402,0.148882697,85.40402176
346,0.03056191172,0.0001405931359,0.245359724,0.148701906,85.649381484
347,0.03070250485,0.0001406194718,0.245147298,0.14802924,85.89452878200001
348,0.03084312433,0.0001406474351,0.245539803,0.148346319,86.14006858500001
349,0.03098377176,0.0001406764219,0.246832609,0.148317025,86.386901194
350,0.03112444818,0.0001407057726,0.245807528,0.14853882899999998,86.632708722
351,0.03126515396,0.0001407358842,0.245727102,0.148459228,86.87843582400001
352,0.03140588984,0.0001407672341,0.246202568,0.149186368,87.12463839200001
353,0.03154665707,0.0001408003221,0.24518305,0.14836146500000003,87.369821442
354,0.0316874574,0.000140835552,0.245694528,0.149095103,87.61551597
355,0.03182829295,0.0001408735223,0.246065284,0.148626702,87.861581254
356,0.03196916647,0.0001409147942,0.245878368,0.148107446,88.10745962200001
357,0.03211008126,0.0001409593604,0.245541471,0.148093888,88.353001093
358,0.03225104062,0.0001409719692,0.245699612,0.14836480400000002,88.598700705
359,0.03239201259,0.0001409847107,0.245662176,0.148368981,88.844362881
360,0.0325329973,0.0001409985107,0.245903821,0.148486859,89.090266702
361,0.03267399581,0.0001410136643,0.24524804,0.148593206,89.335514742
362,0.03281500948,0.0001410290714,0.245241704,0.148580337,89.580756446
363,0.03295603855,0.0001410450446,0.245525756,0.148459323,89.826282202
364,0.0330970836,0.0001410619885,0.245293132,0.147914113,90.071575334
365,0.03323814558,0.0001410803121,0.245333997,0.14818368199999998,90.316909331
366,0.0333792259,0.0001411003958,0.245342694,0.148717601,90.562252025
367,0.03352032629,0.0001411226045,0.245318156,0.148294763,90.807570181
368,0.0336614489,0.0001411475242,0.245442689,0.14795718200000002,91.05301287
369,0.03380259642,0.0001411756461,0.245017191,0.148201732,91.298030061
370,0.03394377207,0.000141175734,0.252912262,0.154980569,91.550942323
371,0.0340849478,0.0001411756055,0.24562486,0.147594539,91.79656718300001
372,0.03422612341,0.0001411760531,0.245239639,0.14826035399999998,92.04180682200001
373,0.03436729946,0.0001411779377,0.245254724,0.14845991,92.28706154600002
374,0.0345084774,0.0001411801913,0.25122267,0.15471068300000002,92.53828421600002
375,0.03464965759,0.0001411828268,0.245092991,0.148140812,92.78337720700003
376,0.03479084041,0.0001045797927,0.246023187,0.148648626,93.02940039400004
377,0.03489542021,0.0001045797927,0.246026317,0.148984711,93.27542671100004
378,0.035,0.000115037772,0.246511514,0.148951254,93.52193822500004
379,0.03511503777,0.0001265415492,0.245666908,0.148817877,93.76760513300005
380,0.03524157932,0.0001391957041,0.24576476,0.148780221,94.01336989300005
381,0.03538077503,0.0001412117881,0.245711122,0.14885260700000003,94.25908101500005
382,0.03552198681,0.0001412218745,0.246236814,0.14854220499999998,94.50531782900005
383,0.03566320869,0.0001412096186,0.245659743,0.148699509,94.75097757200005
384,0.03580441831,0.0001411975485,0.253982954,0.156653778,95.00496052600005
385,0.03594561585,0.0001411858291,0.246078467,0.149070106,95.25103899300005
386,0.03608680168,0.0001411752703,0.245692617,0.148190728,95.49673161000005
387,0.03622797695,0.0001411652702,0.245794824,0.148447786,95.74252643400006
388,0.03636914222,0.0001411555219,0.245745338,0.148486162,95.98827177200006
389,0.03651029775,0.0001411463542,0.245598026,0.14897777,96.23386979800006
390,0.0366514441,0.0001411380969,0.246105254,0.149026494,96.47997505200006
391,0.0367925822,0.0001411310642,0.245427516,0.148694038,96.72540256800006
392,0.03693371326,0.0001411255811,0.246223279,0.149184821,96.97162584700007
393,0.03707483884,0.0001411220163,0.245417392,0.148313373,97.21704323900006
394,0.03721596086,0.0001411150039,0.245934937,0.148420549,97.46297817600006
395,0.03735707586,0.0001410916736,0.245420946,0.147711115,97.70839912200006
396,0.03749816754,0.0001410682689,0.245427853,0.148320273,97.95382697500006
397,0.03763923581,0.0001410451945,0.245009673,0.148061729,98.19883664800005
398,0.037780281,0.0001410227886,0.245738248,0.148379474,98.44457489600005
399,0.03792130379,0.0001410014069,0.245191519,0.148154851,98.68976641500005
400,0.0380623052,0.0001409803136,0.245601993,0.148173625,98.93536840800004
401,0.03820328551,0.0001409596861,0.245864068,0.148444272,99.18123247600005
402,0.0383442452,0.0001409397848,0.245088998,0.148032377,99.42632147400005
403,0.03848518498,0.0001409208749,0.251066456,0.15382211299999998,99.67738793000005
404,0.03862610586,0.0001409032165,0.245224222,0.14785115399999998,99.92261215200006
405,0.03876700907,0.0001408871399,0.245747704,0.148929421,100.16835985600005
406,0.03890789621,0.0001408645141,0.245225035,0.14810039600000002,100.41358489100006
407,0.03904876073,0.0001408309215,0.245473223,0.14872386399999998,100.65905811400006
408,0.03918959165,0.0001407972538,0.245193512,0.148290706,100.90425162600006
409,0.0393303889,0.0001407637538,0.24586908,0.148781392,101.15012070600007
410,0.03947115265,0.0001407308853,0.245793598,0.14819267600000002,101.39591430400007
411,0.03961188354,0.0001406990332,0.245512111,0.148210107,101.64142641500007
412,0.03975258257,0.0001237087134,0.246287496,0.149680848,101.88771391100006
413,0.03987629129,0.0001237087134,0.245596443,0.14889206,102.13331035400006
414,0.04,0.0001360795847,0.246677195,0.14926023300000002,102.37998754900006
415,0.04013607958,0.0001405843155,0.245883198,0.148420413,102.62587074700006
416,0.0402766639,0.0001405556083,0.246220637,0.14900847299999997,102.87209138400006
417,0.04041721951,0.0001405281719,0.245584585,0.148316172,103.11767596900006
418,0.04055774768,0.0001404940859,0.248454945,0.15180707100000002,103.36613091400007
419,0.04069824177,0.000140451367,0.24534923,0.148599748,103.61148014400007
420,0.04083869313,0.0001404087114,0.246512038,0.149589176,103.85799218200007
421,0.04097910184,0.0001403661971,0.245771852,0.148804379,104.10376403400008
422,0.04111946804,0.0001403239909,0.246192822,0.149114977,104.34995685600008
423,0.04125979203,0.0001402825177,0.245935315,0.149000782,104.59589217100007
424,0.04140007455,0.0001402421246,0.246347478,0.149637458,104.84223964900008
425,0.04154031668,0.0001402021863,0.246686917,0.14881693499999998,105.08892656600008
426,0.04168051886,0.000140162729,0.246688096,0.149057393,105.33561466200008
427,0.04182068159,0.0001401239346,0.245326633,0.148707558,105.58094129500009
428,0.04196080553,0.0001400860431,0.246651106,0.150119658,105.82759240100009
429,0.04210089157,0.0001400487377,0.245351129,0.148533161,106.07294353000009
430,0.04224094031,0.0001399980739,0.247050297,0.14860699500000002,106.31999382700009
431,0.04238093838,0.0001399474675,0.24804513,0.15058691600000002,106.56803895700008
432,0.04252088585,0.0001398969943,0.245530815,0.148309514,106.81356977200008
433,0.04266078284,0.000139846715,0.246082626,0.14856407500000002,107.05965239800008
434,0.04280062956,0.0001397967843,0.248433235,0.150242463,107.30808563300008
435,0.04294042634,0.0001397474376,0.245637727,0.148869949,107.55372336000008
436,0.04308017378,0.0001396989355,0.245566173,0.149042805,107.79928953300008
437,0.04321987271,0.0001396511747,0.245070996,0.14852681,108.04436052900007
438,0.04335952389,0.0001396040358,0.245441664,0.148618947,108.28980219300007
439,0.04349912792,0.0001395575989,0.245778066,0.148251372,108.53558025900007
440,0.04363868552,0.000139511945,0.245819043,0.148157836,108.78139930200007
441,0.04377819747,0.0001394564864,0.245377285,0.148616545,109.02677658700007
442,0.04391765395,0.0001393990606,0.245256189,0.148338903,109.27203277600007
443,0.04405705302,0.0001393418162,0.24513605,0.14792844500000002,109.51716882600007
444,0.04419639483,0.000139284797,0.245111044,0.148294468,109.76227987000007
445,0.04433567963,0.0001392281053,0.245890512,0.148998099,110.00817038200007
446,0.04447490773,0.0001391718197,0.245572169,0.148814094,110.25374255100007
447,0.04461407955,0.0001391161579,0.245900087,0.14866125,110.49964263800007
448,0.04475319571,0.0001234021444,0.246309986,0.149254722,110.74595262400007
449,0.04487659786,0.0001234021444,0.246626737,0.14982706699999998,110.99257936100007
450,0.045,0.0001357423588,0.246831618,0.149241761,111.23941097900007
451,0.04513574236,0.0001389126342,0.247936058,0.151161948,111.48734703700006
452,0.04527465499,0.0001388539742,0.2459202,0.148508474,111.73326723700006
453,0.04541350897,0.0001387908677,0.245999288,0.14921184199999998,111.97926652500006
454,0.04555229983,0.0001387280115,0.245460687,0.148473849,112.22472721200006
455,0.04569102785,0.0001386654303,0.245725185,0.148875336,112.47045239700006
456,0.04582969328,0.0001386031673,0.246182977,0.14877760299999998,112.71663537400006
457,0.04596829644,0.0001385413122,0.246257675,0.14867819100000002,112.96289304900006
458,0.04610683776,0.0001384799064,0.245544658,0.14843908099999997,113.20843770700006
459,0.04624531766,0.0001384190541,0.246419815,0.149026782,113.45485752200005
460,0.04638373672,0.0001383588747,0.246075112,0.14862413000000002,113.70093263400005
461,0.04652209559,0.0001382994336,0.245876804,0.14900028599999998,113.94680943800006
462,0.04666039502,0.0001382407818,0.245463031,0.14859077599999998,114.19227246900006
463,0.04679863581,0.0001381744817,0.245678276,0.148422369,114.43795074500007
464,0.04693681029,0.0001381069519,0.245859537,0.14879725900000002,114.68381028200007
465,0.04707491724,0.0001380397164,0.245229731,0.148174951,114.92904001300006
466,0.04721295696,0.0001379728583,0.245681942,0.14832793500000002,115.17472195500007
467,0.04735092981,0.0001379063662,0.24557858,0.148493583,115.42030053500007
468,0.04748883618,0.0001378402898,0.245506162,0.14893936200000002,115.66580669700006
469,0.04762667647,0.0001377747322,0.245240496,0.14816881199999998,115.91104719300006
470,0.0477644512,0.0001377098313,0.251945833,0.149576104,116.16299302600005
471,0.04790216103,0.0001376457779,0.255731706,0.158707703,116.41872473200006
472,0.04803980681,0.0001375825828,0.245629109,0.148987698,116.66435384100006
473,0.0481773894,0.0001375166934,0.246250247,0.149231208,116.91060408800007
474,0.04831490609,0.0001374455676,0.245490572,0.149009371,117.15609466000006
475,0.04845235166,0.000137374816,0.24515672,0.14843409000000002,117.40125138000006
476,0.04858972647,0.0001373045096,0.246322608,0.148576849,117.64757398800006
477,0.04872703098,0.0001372346192,0.247913388,0.149531645,117.89548737600006
478,0.0488642656,0.0001371652139,0.246379306,0.14899020699999999,118.14186668200006
479,0.04900143081,0.000137096369,0.245471069,0.148081814,118.38733775100006
480,0.04913852718,0.0001370281749,0.246470349,0.149057616,118.63380810000007
481,0.04927555536,0.0001369607953,0.245242235,0.148642876,118.87905033500007
482,0.04941251615,0.000136894338,0.245811142,0.149173361,119.12486147700007
483,0.04954941049,0.0001368284286,0.245788327,0.14909494,119.37064980400007
484,0.04968623892,0.0001367546813,0.245595396,0.14873714700000001,119.61624520000007
485,0.0498229936,8.850319908e-05,0.245502439,0.14844199400000002,119.86174763900007
486,0.0499114968,8.850319908e-05,0.245300854,0.14862286000000002,120.10704849300008
487,0.05,9.735351899e-05,0.246014698,0.148741405,120.35306319100007
488,0.05009735352,0.0001070888709,0.246353137,0.149738379,120.59941632800007
489,0.05020444239,0.000117797758,0.246021386,0.149401467,120.84543771400007
490,0.05032224015,0.0001295775338,0.248402665,0.15039958,121.09384037900007
491,0.05045181768,0.0001363491323,0.245872482,0.148936104,121.33971286100007
492,0.05058816681,0.0001362792219,0.24570846,0.148726213,121.58542132100007
493,0.05072444604,0.0001362103734,0.245309675,0.14807421799999998,121.83073099600007
494,0.05086065641,0.0001361426623,0.24598242,0.14841795800000002,122.07671341600008
495,0.05099679907,0.0001360751826,0.245424195,0.148373801,122.32213761100007
496,0.05113287425,0.0001360002015,0.24551974,0.148841001,122.56765735100008
497,0.05126887446,0.000135925694,0.245642707,0.14832085,122.81330005800008
498,0.05140480015,0.000135851724,0.245538075,0.148755995,123.05883813300008
499,0.05154065187,0.0001357783261,0.246358403,0.149809374,123.30519653600008
500,0.0516764302,0.0001357054774,0.249326802,0.151605769,123.55452333800008
501,0.05181213568,0.0001356332264,0.245166534,0.14847115700000002,123.79968987200009
502,0.0519477689,0.0001355617513,0.245720907,0.148854087,124.0454107790001
503,0.05208333065,0.0001354912357,0.24549947,0.148607497,124.29091024900009
504,0.05221882189,0.0001354217365,0.245285696,0.148324197,124.53619594500009
505,0.05235424363,0.0001353533556,0.245572544,0.14894550299999998,124.78176848900009
506,0.05248959698,0.000135286127,0.246178411,0.14913590599999998,125.02794690000009
507,0.05262488311,0.000135213864,0.246493664,0.14895699099999998,125.27444056400009
508,0.05276009697,0.0001351395486,0.245425452,0.14910531100000002,125.5198660160001
509,0.05289523652,0.0001350657419,0.24665597,0.150244225,125.7665219860001
510,0.05303030226,0.0001349924864,0.245759204,0.14868385499999998,126.0122811900001
511,0.05316529475,0.0001349198227,0.245582965,0.14868700299999998,126.25786415500009
512,0.05330021457,0.0001348477593,0.245575109,0.148860158,126.5034392640001
513,0.05343506233,0.000134776306,0.245885167,0.14860512399999998,126.74932443100009
514,0.05356983864,0.0001347055767,0.245258833,0.148918379,126.99458326400008
515,0.05370454422,0.0001346357848,0.246265575,0.14905775599999999,127.24084883900008
516,0.05383918,0.0001345669782,0.245714684,0.149241543,127.48656352300009
517,0.05397374698,0.0001344991996,0.24545445,0.14904731300000001,127.73201797300008
518,0.05410824618,0.0001344325239,0.245650191,0.149242449,127.97766816400008
519,0.0542426787,0.000134366975,0.245514619,0.14865987800000002,128.22318278300008
520,0.05437704568,0.0001342952357,0.293721536,0.149162699,128.51690431900008
521,0.05451134091,0.0001342232433,0.245562274,0.149192969,128.76246659300008
522,0.05464556416,0.0001341517488,0.24548061,0.14823800799999998,129.00794720300007
523,0.0547797159,0.0001101420478,0.245644623,0.14860066,129.25359182600008
524,0.05488985795,0.0001101420478,0.244887207,0.148289135,129.49847903300008
525,0.055,0.0001211562526,0.245354125,0.148771439,129.7438331580001
526,0.05512115625,0.0001332718778,0.245706057,0.149190482,129.9895392150001
527,0.05525442813,0.0001338336585,0.245462154,0.14883428799999998,130.2350013690001
528,0.05538826179,0.0001337654488,0.245192488,0.148332727,130.48019385700007
529,0.05552202724,0.0001336981016,0.245801666,0.149005088,130.72599552300008
530,0.05565572534,0.0001336316646,0.245571591,0.148575497,130.97156711400007
531,0.055789357,0.0001335661762,0.245358622,0.14882631699999999,131.21692573600006
532,0.05592292318,0.0001335016644,0.245484561,0.14905880500000002,131.46241029700008
533,0.05605642484,0.00013343819,0.245595039,0.149058531,131.70800533600007
534,0.05618986303,0.0001333757791,0.245584607,0.148937922,131.95358994300008
535,0.05632323881,0.0001333092863,0.246177874,0.149296985,132.1997678170001
536,0.0564565481,0.0001332413082,0.245675025,0.148274951,132.4454428420001
537,0.05658978941,0.0001331737903,0.245401167,0.148267281,132.6908440090001
538,0.0567229632,0.0001331067498,0.246037389,0.149300244,132.9368813980001
539,0.05685606995,0.0001330402125,0.245712117,0.149161051,133.18259351500012
540,0.05698911016,0.0001329741997,0.24542434,0.148798864,133.42801785500012
541,0.05712208436,0.0001329087379,0.247695414,0.149499076,133.6757132690001
542,0.0572549931,0.0001328438644,0.24529846,0.14877960699999998,133.9210117290001
543,0.05738783696,0.0001327795994,0.245248049,0.148796282,134.1662597780001
544,0.05752061656,0.0001327159416,0.245674058,0.149217492,134.4119338360001
545,0.0576533325,0.0001326530739,0.245311986,0.14909086700000002,134.65724582200008
546,0.05778598558,0.0001325910172,0.245604419,0.149270954,134.90285024100007
547,0.05791857659,0.0001325298006,0.246109226,0.14888747200000002,135.14895946700005
548,0.0580511064,0.000132469457,0.244970711,0.148533912,135.39393017800006
549,0.05818357585,0.0001324100115,0.245156802,0.14882008000000002,135.63908698000006
550,0.05831598586,0.0001323514931,0.246093217,0.14882136499999998,135.88518019700007
551,0.05844833736,0.0001322939365,0.245753197,0.149519275,136.13093339400007
552,0.05858063129,0.0001322350931,0.245149352,0.14857425200000002,136.37608274600007
553,0.05871286639,0.0001321727463,0.246235544,0.14951723,136.62231829000007
554,0.05884503913,0.0001321107988,0.246005853,0.149204745,136.86832414300008
555,0.05897714993,0.0001320492628,0.246243763,0.149803939,137.11456790600008
556,0.05910919919,0.0001319881502,0.245503028,0.149204398,137.36007093400008
557,0.05924118734,0.0001319274879,0.246151906,0.14957076600000002,137.60622284000007
558,0.05937311483,0.000131867295,0.245381265,0.14897836599999997,137.85160410500006
559,0.05950498213,0.0001318075923,0.245785915,0.14933084000000002,138.09739002000006
560,0.05963678972,0.000131748398,0.246351692,0.14988531500000002,138.34374171200005
561,0.05976853812,0.0001157309411,0.246486396,0.149765799,138.59022810800005
562,0.05988426906,0.0001157309411,0.245983913,0.14938953100000002,138.83621202100005
563,0.06,0.0001273040352,0.245864304,0.148634727,139.08207632500006
564,0.06012730404,0.0001315325941,0.245804002,0.149502089,139.32788032700006
565,0.06025883663,0.0001314763324,0.24513918,0.148528923,139.57301950700005
566,0.06039031296,0.0001314207853,0.246744875,0.149736471,139.81976438200005
567,0.06052173375,0.0001313659662,0.260046517,0.148819642,140.07981089900005
568,0.06065309971,0.0001313118996,0.245484972,0.149428062,140.32529587100007
569,0.06078441161,0.0001312586083,0.245946449,0.149841361,140.57124232000007
570,0.06091567022,0.0001312061056,0.256190615,0.159590489,140.82743293500008
571,0.06104687633,0.0001311544046,0.245280353,0.14896584400000001,141.07271328800007
572,0.06117803073,0.0001311035383,0.245070605,0.148716039,141.31778389300007
573,0.06130913427,0.0001310515908,0.245658211,0.149462588,141.56344210400007
574,0.06144018586,0.0001309962067,0.245017174,0.14830241100000002,141.80845927800007
575,0.06157118207,0.0001309411428,0.245696803,0.149498575,142.05415608100006
576,0.06170212321,0.0001308864129,0.24518251,0.148572584,142.29933859100007
577,0.06183300962,0.0001308320277,0.245130399,0.148885954,142.54446899000007
578,0.06196384165,0.0001307780058,0.245600046,0.149420524,142.79006903600006
579,0.06209461966,0.0001307243681,0.245640303,0.14921694,143.03570933900005
580,0.06222534402,0.0001306711341,0.245211413,0.148822446,143.28092075200004
581,0.06235601516,0.000130618321,0.247094118,0.15067547799999997,143.52801487000005
582,0.06248663348,0.0001305659408,0.245014187,0.148862306,143.77302905700006
583,0.06261719942,0.000130514004,0.246765722,0.150542695,144.01979477900005
584,0.06274771342,0.0001304625203,0.244722258,0.148681043,144.26451703700005
585,0.06287817594,0.000130411498,0.245719948,0.149131795,144.51023698500003
586,0.06300858744,0.0001303610836,0.245379382,0.148883895,144.75561636700004
587,0.06313894853,0.0001303112843,0.245287016,0.149038326,145.00090338300004
588,0.06326925981,0.0001302620946,0.24480854,0.14872316600000002,145.24571192300004
589,0.06339952191,0.0001302134964,0.24517965,0.14886712800000002,145.49089157300006
590,0.0635297354,0.0001301654813,0.245711611,0.14950213299999998,145.73660318400005
591,0.06365990088,0.0001301180582,0.245529318,0.149307148,145.98213250200004
592,0.06379001894,0.0001300712462,0.245115803,0.148721174,146.22724830500005
593,0.06392009019,0.0001300250645,0.245778545,0.14901746500000002,146.47302685000005
594,0.06405011525,0.000129979526,0.244685179,0.148786975,146.71771202900004
595,0.06418009478,0.0001299346316,0.245398339,0.149055951,146.96311036800003
596,0.06431002941,0.0001298903854,0.245354359,0.149499192,147.20846472700003
597,0.06443991979,0.0001298468018,0.245659671,0.14960357800000001,147.45412439800003
598,0.0645697666,0.0001298008803,0.245451476,0.14942296700000002,147.69957587400003
599,0.06469956748,0.0001297527399,0.245533135,0.149383932,147.94510900900002
600,0.06482932022,8.533989162e-05,0.245242713,0.148600794,148.19035172200003
601,0.06491466011,8.533989162e-05,0.24574736,0.148906667,148.43609908200003
602,0.065,9.387388078e-05,0.245087182,0.14925902400000002,148.68118626400002
603,0.06509387388,0.0001032612689,0.245921401,0.149763178,148.92710766500002
604,0.06519713515,0.0001135873957,0.245547179,0.14973804400000001,149.17265484400002
605,0.06531072255,0.0001249461353,0.245433827,0.14846774299999999,149.41808867100002
606,0.06543566868,0.0001294830479,0.245866338,0.14946256,149.66395500900003
607,0.06556515173,0.000129436661,0.245819962,0.14939006900000001,149.90977497100005
608,0.06569458839,0.0001293905866,0.245835343,0.14972460799999998,150.15561031400006
609,0.06582397898,0.0001293448349,0.245705145,0.149645382,150.40131545900005
610,0.06595332381,0.0001292994132,0.245956354,0.14911022000000002,150.64727181300003
611,0.06608262322,0.0001292543273,0.245399131,0.149307672,150.89267094400003
612,0.06621187755,0.0001292095826,0.245572023,0.14942693299999998,151.13824296700002
613,0.06634108713,0.0001291652454,0.248533071,0.15249732500000002,151.38677603800002
614,0.06647025238,0.000129121372,0.244881945,0.14920719300000002,151.63165798300003
615,0.06659937375,0.0001290779577,0.245838647,0.14916429,151.87749663000002
616,0.06672845171,0.0001290350031,0.245387338,0.149330913,152.12288396800002
617,0.06685748671,0.0001289925036,0.245262793,0.148983974,152.36814676100002
618,0.06698647922,0.0001289504561,0.245555211,0.149221357,152.61370197200003
619,0.06711542967,0.0001289088359,0.245332397,0.149273486,152.85903436900003
620,0.06724433851,0.0001288676412,0.245420639,0.149218197,153.10445500800003
621,0.06737320615,0.0001288268872,0.245448715,0.14919648400000002,153.34990372300004
622,0.06750203304,0.0001287865915,0.245429413,0.148954201,153.59533313600005
623,0.06763081963,0.000128746768,0.246116405,0.149119296,153.84144954100006
624,0.0677595664,0.000128707424,0.245775776,0.14930246200000002,154.08722531700005
625,0.06788827382,0.000128668567,0.244767056,0.148789859,154.33199237300005
626,0.06801694239,0.0001286301917,0.245751644,0.149451555,154.57774401700004
627,0.06814557258,0.0001285922897,0.245873112,0.149635692,154.82361712900004
628,0.06827416487,0.0001285539474,0.245931774,0.150128696,155.06954890300005
629,0.06840271882,0.0001285114998,0.245419629,0.149433463,155.31496853200005
630,0.06853123032,0.0001284691337,0.245849154,0.14928742499999997,155.56081768600006
631,0.06865969945,0.0001284268623,0.245788772,0.149347781,155.80660645800006
632,0.06878812631,0.000128384697,0.245822911,0.149542124,156.05242936900007
633,0.06891651101,0.0001283426555,0.245710207,0.149849541,156.29813957600007
634,0.06904485366,0.0001283007562,0.245964801,0.15015476900000002,156.54410437700008
635,0.06917315442,0.000128259014,0.245953368,0.149673098,156.79005774500007
636,0.06930141343,0.0001282174405,0.245986211,0.15019415800000002,157.03604395600007
637,0.06942963087,0.0001281760451,0.245615207,0.149538452,157.28165916300006
638,0.06955780692,0.0001281348396,0.245926033,0.149594075,157.52758519600005
639,0.06968594176,0.0001280938322,0.245943731,0.148995443,157.77352892700006
640,0.06981403559,9.298220415e-05,0.245239442,0.148888279,158.01876836900007
641,0.0699070178,9.298220415e-05,0.244837144,0.149240645,158.26360551300007
642,0.07,0.0001022804246,0.245862529,0.149645087,158.50946804200007
643,0.07010228042,0.000112508467,0.24480652,0.148665451,158.75427456200006
644,0.07021478889,0.0001237593137,0.245785145,0.150033003,159.00005970700008
645,0.07033854821,0.000127887581,0.245345607,0.14890107000000002,159.24540531400007
646,0.07046643579,0.0001278481664,0.245728526,0.149598332,159.49113384000006
647,0.07059428395,0.0001278090784,0.245975605,0.149886923,159.73710944500007
648,0.07072209303,0.0001277703121,0.245500362,0.149610348,159.98260980700007
649,0.07084986334,0.0001277318622,0.245404204,0.14949695400000002,160.22801401100008
650,0.07097759521,0.0001276937098,0.246220154,0.14999266,160.4742341650001
651,0.07110528892,0.0001276558468,0.245468294,0.149164215,160.7197024590001
652,0.07123294476,0.0001276182808,0.245839383,0.14904422,160.9655418420001
653,0.07136056304,0.0001275810268,0.244595123,0.14843201,161.21013696500012
654,0.07148814407,0.000127544106,0.245937906,0.148993291,161.4560748710001
655,0.07161568818,0.0001275075278,0.24515241,0.149096596,161.70122728100011
656,0.0717431957,0.0001274712999,0.245963254,0.150093933,161.94719053500012
657,0.071870667,0.0001274354165,0.244814422,0.148911827,162.1920049570001
658,0.07199810242,0.0001273998694,0.245339617,0.149442712,162.43734457400012
659,0.07212550229,0.0001273646477,0.245123553,0.148573907,162.68246812700013
660,0.07225286694,0.0001273297389,0.246337994,0.149643054,162.92880612100012
661,0.07238019668,0.0001272942241,0.245446468,0.149543826,163.17425258900013
662,0.0725074909,0.0001272544514,0.245797673,0.149719394,163.42005026200013
663,0.07263474535,0.0001272146408,0.244913733,0.14861294,163.66496399500014
664,0.07276195999,0.000127174807,0.245198118,0.14942788099999998,163.91016211300013
665,0.0728891348,0.0001271349709,0.244855169,0.148909682,164.15501728200013
666,0.07301626977,0.0001270951543,0.245554471,0.149885884,164.40057175300012
667,0.07314336492,0.0001270553758,0.245028862,0.14917122700000002,164.64560061500012
668,0.0732704203,0.000127015652,0.246181005,0.149432488,164.89178162000013
669,0.07339743595,0.0001269759978,0.245126525,0.148302236,165.13690814500012
670,0.07352441195,0.0001269364251,0.246205727,0.14956351099999998,165.3831138720001
671,0.07365134838,0.0001268969402,0.246936331,0.149779909,165.6300502030001
672,0.07377824532,0.0001268575491,0.249893225,0.151301442,165.8799434280001
673,0.07390510286,0.0001268182623,0.251114861,0.15282638999999998,166.1310582890001
674,0.07403192113,0.000126779086,0.250712837,0.153364818,166.3817711260001
675,0.07415870021,0.0001267400288,0.246260663,0.149303917,166.6280317890001
676,0.07428544024,0.0001267010998,0.246114229,0.15001187500000002,166.8741460180001
677,0.07441214134,0.0001266623918,0.248237403,0.15206027900000002,167.12238342100008
678,0.07453880373,0.0001266239238,0.245580345,0.149492026,167.3679637660001
679,0.07466542766,0.0001265856946,0.244718164,0.148681813,167.6126819300001
680,0.07479201335,0.0001039933244,0.245527503,0.14931485700000002,167.8582094330001
681,0.07489600668,0.0001039933244,0.258058197,0.161800643,168.1162676300001
682,0.075,0.0001143926568,0.245997717,0.149317804,168.3622653470001
683,0.07511439266,0.0001258319225,0.244670214,0.148336348,168.60693556100009
684,0.07524022458,0.0001264144283,0.245790456,0.14977272800000002,168.8527260170001
685,0.07536663901,0.0001263774097,0.245469132,0.149401169,169.0981951490001
686,0.07549301642,0.0001263406291,0.245908587,0.150076355,169.3441037360001
687,0.07561935705,0.0001263040951,0.245444058,0.14948232,169.5895477940001
688,0.07574566114,0.000126267815,0.246138808,0.14974954000000001,169.83568660200012
689,0.07587192896,0.0001262317854,0.245299872,0.149169039,170.08098647400013
690,0.07599816074,0.0001261959996,0.246868495,0.150730907,170.32785496900013
691,0.07612435674,0.000126160448,0.245453827,0.149179264,170.57330879600013
692,0.07625051719,0.0001261251205,0.245950407,0.150073795,170.81925920300014
693,0.07637664231,0.0001260900116,0.24569415,0.149862567,171.06495335300013
694,0.07650273232,0.0001260551401,0.246287656,0.15055259399999998,171.31124100900013
695,0.07662878746,0.0001260179805,0.245613703,0.149128624,171.55685471200013
696,0.07675480544,0.0001259778436,0.245604656,0.149303429,171.80245936800014
697,0.07688078329,0.0001259376002,0.245401652,0.148938929,172.04786102000014
698,0.07700672089,0.0001258972777,0.245819058,0.149741751,172.29368007800014
699,0.07713261816,0.0001258569002,0.245195481,0.149178829,172.53887555900013
700,0.07725847506,0.0001258164898,0.246729424,0.15019303,172.78560498300013
701,0.07738429155,0.0001257760644,0.245518462,0.149730127,173.03112344500013
702,0.07751006762,0.0001257356395,0.245585222,0.149778703,173.27670866700012
703,0.07763580326,0.0001256952268,0.244988418,0.149084229,173.5216970850001
704,0.07776149848,0.0001256548347,0.246768887,0.150574135,173.76846597200012
705,0.07788715332,0.0001256144745,0.244998393,0.148641522,174.01346436500012
706,0.07801276779,0.0001255741546,0.246009382,0.150278892,174.25947374700013
707,0.07813834195,0.0001255338857,0.245082144,0.14930625,174.50455589100014
708,0.07826387583,0.0001254936781,0.245831491,0.150068529,174.75038738200013
709,0.07838936951,0.0001254535394,0.245593992,0.149568237,174.99598137400014
710,0.07851482305,0.0001254134838,0.246047849,0.14994838900000002,175.24202922300015
711,0.07864023654,0.0001253736087,0.245116985,0.148675194,175.48714620800015
712,0.07876561014,0.0001253339129,0.245945383,0.14960753,175.73309159100015
713,0.07889094406,0.0001252943928,0.245089956,0.148498196,175.97818154700013
714,0.07901623845,0.000125255024,0.246005571,0.149877815,176.22418711800015
715,0.07914149347,0.0001252158024,0.244825891,0.149017941,176.46901300900015
716,0.07926670928,0.0001251767354,0.245460365,0.149608458,176.71447337400016
717,0.07939188601,0.0001251378301,0.244701951,0.148824232,176.95917532500016
718,0.07951702384,0.0001250990902,0.245675832,0.14966009200000002,177.20485115700015
719,0.07964212293,0.0001250605238,0.245182338,0.14914566699999998,177.45003349500016
720,0.07976718346,0.0001164082724,0.246219467,0.14948867700000001,177.69625296200016
721,0.07988359173,0.0001164082724,0.245210412,0.148690216,177.94146337400016
722,0.08,0.0001249510596,0.245960489,0.149723508,178.18742386300016
723,0.08012495106,0.0001249132109,0.245395334,0.148854435,178.43281919700016
724,0.08024986427,0.000124875549,0.245548909,0.148747082,178.67836810600016
725,0.08037473982,0.0001248380573,0.245412649,0.14859526099999998,178.92378075500017
726,0.08049957788,0.0001248007563,0.253101802,0.15724291899999998,179.17688255700017
727,0.08062437863,0.0001247636466,0.245145596,0.148968447,179.42202815300016
728,0.08074914228,0.0001247267218,0.245601158,0.14964645,179.66762931100016
729,0.080873869,0.0001246894024,0.245434465,0.14963484,179.91306377600014
730,0.0809985584,0.000124647242,0.245867244,0.149694105,180.15893102000015
731,0.08112320565,0.0001246049435,0.244929078,0.14885871,180.40386009800017
732,0.08124781059,0.0001245625304,0.245684622,0.149499368,180.64954472000016
733,0.08137237312,0.0001245200294,0.251545428,0.15531227,180.90109014800015
734,0.08149689315,0.000124477461,0.245763476,0.149824725,181.14685362400016
735,0.08162137061,0.0001244348378,0.245669615,0.14928145199999998,181.39252323900016
736,0.08174580545,0.0001243921738,0.245737283,0.14921310100000001,181.63826052200017
737,0.08187019762,0.0001243494833,0.245350559,0.148735821,181.88361108100017
738,0.08199454711,0.0001243067769,0.245143712,0.149088773,182.12875479300016
739,0.08211885388,0.0001242640684,0.246055204,0.148903528,182.37480999700014
740,0.08224311795,0.0001242213699,0.246234561,0.149825339,182.62104455800014
741,0.08236733932,0.0001241787002,0.245313875,0.149438187,182.86635843300013
742,0.08249151802,0.0001241360741,0.245812207,0.150105404,183.11217064000013
743,0.08261565409,0.0001240934989,0.245146221,0.14933711300000002,183.35731686100013
744,0.08273974759,0.0001240509833,0.24620266,0.150038762,183.60351952100012
745,0.08286379858,0.0001240085317,0.2452393,0.14906302999999999,183.84875882100013
746,0.08298780711,0.0001239662074,0.245891643,0.149779434,184.09465046400013
747,0.08311177332,0.0001239240096,0.245311314,0.14917355599999998,184.33996177800012
748,0.08323569733,0.000123881937,0.245799079,0.14966970699999999,184.5857608570001
749,0.08335957926,0.0001238399877,0.245246928,0.149320393,184.8310077850001
750,0.08348341925,0.0001237981607,0.245971771,0.149413336,185.0769795560001
751,0.08360721741,0.0001237564576,0.245771898,0.149317761,185.3227514540001
752,0.08373097387,0.0001237148727,0.245860614,0.149864983,185.5686120680001
753,0.08385468874,0.0001236734001,0.249271149,0.15245914300000002,185.81788321700012
754,0.08397836214,0.0001236320348,0.245735605,0.14987415199999998,186.0636188220001
755,0.08410199418,0.000123590777,0.245762499,0.149267868,186.3093813210001
756,0.08422558495,0.0001235496505,0.245927713,0.14962457099999998,186.5553090340001
757,0.0843491346,0.0001235086535,0.245590079,0.14932025599999998,186.8008991130001
758,0.08447264326,0.0001234677827,0.245707953,0.149503769,187.0466070660001
759,0.08459611104,0.0001234270331,0.245500576,0.14964075100000002,187.2921076420001
760,0.08471953807,0.0001233864007,0.245825985,0.149774717,187.53793362700011
761,0.08484292447,7.853776314e-05,0.244702782,0.148804455,187.7826364090001
762,0.08492146224,7.853776314e-05,0.244532107,0.14835348199999998,188.0271685160001
763,0.085,8.639153946e-05,0.244931793,0.148596573,188.2721003090001
764,0.08508639154,9.50306934e-05,0.244551932,0.148822797,188.51665224100012
765,0.08518142223,0.0001045337627,0.259342889,0.16298231200000002,188.77599513000013
766,0.085285956,0.000114987139,0.245007443,0.14936153800000002,189.02100257300012
767,0.08540094313,0.0001231626581,0.245091599,0.149318823,189.26609417200012
768,0.08552410579,0.0001231224868,0.245342429,0.149115124,189.51143660100013
769,0.08564722828,0.0001230823526,0.256975503,0.160589948,189.76841210400013
770,0.08577031063,0.0001230422533,0.273125205,0.154967007,190.04153730900015
771,0.08589335289,0.0001230021939,0.245503692,0.149615941,190.28704100100015
772,0.08601635508,0.0001229621985,0.245308389,0.149277996,190.53234939000015
773,0.08613931728,0.0001229222798,0.245623559,0.149423291,190.77797294900014
774,0.08626223956,0.000122882449,0.245512663,0.149708995,191.02348561200014
775,0.08638512201,0.0001228427212,0.257878066,0.161704602,191.28136367800013
776,0.08650796473,0.0001228031087,0.245181739,0.14943626100000001,191.52654541700014
777,0.08663076784,0.0001227636194,0.245602325,0.149406024,191.77214774200013
778,0.08675353146,0.0001227242595,0.245596087,0.14943033300000003,192.01774382900012
779,0.08687625572,0.0001226850336,0.246291275,0.149755176,192.26403510400013
780,0.08699894075,0.0001226459479,0.246334675,0.149423627,192.51036977900014
781,0.0871215867,0.0001226040805,0.245502453,0.149634721,192.75587223200014
782,0.08724419078,0.0001225618817,0.245370355,0.149490828,193.00124258700015
783,0.08736675266,0.0001225197227,0.245533437,0.149705201,193.24677602400016
784,0.08748927238,0.000122477616,0.245023684,0.149175442,193.49179970800014
785,0.08761175,0.0001224355661,0.245790425,0.149718207,193.73759013300014
786,0.08773418556,0.0001223935607,0.245371862,0.149381007,193.98296199500015
787,0.08785657912,0.0001223515843,0.245371736,0.14917665200000002,194.22833373100016
788,0.08797893071,0.0001223096441,0.24551724,0.149193149,194.47385097100016
789,0.08810124035,0.0001222677562,0.245638963,0.149788216,194.71948993400017
790,0.08822350811,0.0001222259399,0.245640475,0.149358508,194.96513040900015
791,0.08834573405,0.0001221841773,0.245701636,0.14928408599999998,195.21083204500016
792,0.08846791823,0.0001221424523,0.245352551,0.149333331,195.45618459600016
793,0.08859006068,0.0001221007502,0.245257401,0.149013511,195.70144199700016
794,0.08871216143,0.0001220590542,0.253606782,0.156453047,195.95504877900015
795,0.08883422048,0.0001220173592,0.24617371,0.149445307,196.20122248900014
796,0.08895623784,0.0001219756808,0.245308083,0.149478321,196.44653057200014
797,0.08907821352,0.000121934029,0.245622096,0.14969818000000001,196.69215266800015
798,0.08920014755,0.0001218924042,0.245463813,0.149240527,196.93761648100013
799,0.08932203996,0.0001218508201,0.245878938,0.149391188,197.18349541900014
800,0.08944389078,0.0001218092872,0.246123315,0.149590786,197.42961873400014
801,0.08956570006,0.0001217678143,0.24570025,0.14955047700000001,197.67531898400014
802,0.08968746788,0.0001217264084,0.264352891,0.149575788,197.93967187500013
803,0.08980919429,9.540285694e-05,0.244674725,0.148929362,198.18434660000014
804,0.08990459714,9.540285694e-05,0.245004184,0.148966579,198.42935078400015
805,0.09,0.0001049431426,0.24546589,0.149298053,198.67481667400014
806,0.09010494314,0.0001154374569,0.245185705,0.149465958,198.92000237900015
807,0.0902203806,0.000121545538,0.245531944,0.149488959,199.16553432300014
808,0.09034192614,0.0001215045298,0.24565287,0.148822484,199.41118719300013
809,0.09046343067,0.0001214635971,0.245805316,0.149470432,199.65699250900013
810,0.09058489426,0.0001214227716,0.245691054,0.149240862,199.90268356300012
811,0.09070631704,0.0001213820811,0.245585844,0.14916991899999998,200.14826940700013
812,0.09082769912,0.0001213415389,0.245293896,0.14959946400000002,200.39356330300012
813,0.09094904066,0.0001213011504,0.245425074,0.14946238099999998,200.63898837700012
814,0.09107034181,0.0001212609228,0.247305254,0.15155195999999999,200.88629363100011
815,0.09119160273,0.0001212208654,0.245466869,0.14919772,201.13176050000013
816,0.09131282359,0.0001211809868,0.24559439,0.14926151999999998,201.37735489000013
817,0.09143400458,0.0001211412965,0.245725369,0.149386754,201.62308025900015
818,0.09155514588,0.0001211018016,0.24570514,0.14970324299999999,201.86878539900016
819,0.09167624768,0.0001210625096,0.246503379,0.149885341,202.11528877800015
820,0.09179731019,0.0001210234333,0.245850073,0.149265341,202.36113885100016
821,0.09191833362,0.0001209846078,0.245506873,0.149509626,202.60664572400017
822,0.09203931823,0.0001209460327,0.246135017,0.149619283,202.85278074100017
823,0.09216026426,0.0001209077067,0.246092082,0.149222092,203.09887282300016
824,0.09228117197,0.0001208696272,0.245599885,0.14918180399999997,203.34447270800015
825,0.0924020416,0.0001208317928,0.245551445,0.149768367,203.59002415300014
826,0.09252287339,0.0001207942063,0.245152816,0.149558013,203.83517696900014
827,0.0926436676,0.0001207568667,0.245518371,0.149561566,204.08069534000015
828,0.09276442446,0.0001207197717,0.24563273,0.14977189000000002,204.32632807000016
829,0.09288514423,0.0001206829192,0.245550815,0.149717585,204.57187888500016
830,0.09300582715,0.0001206463058,0.245720588,0.149590398,204.81759947300017
831,0.09312647346,0.0001206099274,0.245411286,0.14931851000000002,205.06301075900018
832,0.09324708339,0.0001205737779,0.245526647,0.149343012,205.30853740600017
833,0.09336765716,0.0001205378517,0.245538746,0.14878207999999998,205.55407615200016
834,0.09348819502,0.0001205021691,0.245867558,0.14928027100000002,205.79994371000015
835,0.09360869719,0.0001204667244,0.245093347,0.149320022,206.04503705700014
836,0.09372916391,0.000120431512,0.245609323,0.149636259,206.29064638000014
837,0.09384959542,0.0001203965251,0.24542018,0.14971943399999998,206.53606656000014
838,0.09396999195,0.0001203617576,0.24560654,0.14950328000000002,206.78167310000015
839,0.0940903537,0.0001203272036,0.24539028,0.14940519600000002,207.02706338000016
840,0.09421068091,0.0001202928581,0.24572947,0.149345873,207.27279285000014
841,0.09433097377,0.0001202587184,0.245202812,0.149406412,207.51799566200015
842,0.09445123248,0.0001202247802,0.245358669,0.14962269,207.76335433100016
843,0.09457145726,0.0001201910387,0.245223253,0.14922653,208.00857758400016
844,0.0946916483,0.0001201575003,0.245936476,0.149514485,208.25451406000016
845,0.0948118058,9.409709805e-05,0.252386377,0.154715327,208.50690043700016
846,0.0949059029,9.409709805e-05,0.25131771,0.15314195400000002,208.75821814700015
847,0.095,0.0001035068079,0.256966056,0.15948409400000002,209.01518420300016
848,0.09510350681,0.0001138574886,0.245925403,0.14986283900000003,209.26110960600016
849,0.0952173643,0.000120013032,0.24499601,0.148718289,209.50610561600016
850,0.09533737733,0.0001199806681,0.24559128,0.149153734,209.75169689600017
851,0.095457358,0.0001199484871,0.245387782,0.149319035,209.99708467800016
852,0.09557730648,0.0001199165204,0.250640168,0.154815229,210.24772484600015
853,0.095697223,0.0001198847632,0.246231766,0.149544135,210.49395661200015
854,0.09581710777,0.0001198532129,0.245574547,0.149730651,210.73953115900014
855,0.09593696098,0.0001198218681,0.245261495,0.149032769,210.98479265400013
856,0.09605678285,0.0001197907287,0.246130103,0.149512857,211.23092275700014
857,0.09617657358,0.0001197597952,0.245552166,0.149274427,211.47647492300015
858,0.09629633337,0.0001197290683,0.245533314,0.149528734,211.72200823700015
859,0.09641606244,0.0001196985476,0.246124713,0.149533413,211.96813295000015
860,0.09653576099,0.000119668234,0.246446786,0.149901923,212.21457973600016
861,0.09665542922,0.0001196381297,0.245142498,0.149335098,212.45972223400017
862,0.09677506735,0.000119608238,0.245714362,0.14961854800000002,212.70543659600017
863,0.09689467559,0.0001195785536,0.245433193,0.149086146,212.95086978900017
864,0.09701425414,0.0001195490599,0.245689191,0.149218907,213.19655898000016
865,0.0971338032,0.0001195197625,0.24519171,0.148677654,213.44175069000016
866,0.09725332297,0.0001194906667,0.245526681,0.149465866,213.68727737100016
867,0.09737281363,0.0001194617774,0.245487146,0.149175756,213.93276451700015
868,0.09749227541,0.0001194331009,0.245913035,0.150092372,214.17867755200015
869,0.09761170851,0.0001194046428,0.245006699,0.14897933000000002,214.42368425100014
870,0.09773111315,0.0001193764096,0.246781146,0.14991791100000001,214.67046539700013
871,0.09785048956,0.0001193484075,0.245002775,0.14875527700000002,214.91546817200012
872,0.09796983797,0.0001193206225,0.245971012,0.149353124,215.16143918400013
873,0.09808915859,0.0001192930426,0.245016219,0.148770324,215.40645540300014
874,0.09820845164,0.000119265662,0.246097693,0.14930863,215.65255309600013
875,0.0983277173,0.0001192384791,0.245500807,0.149183901,215.89805390300015
876,0.09844695578,0.0001192114933,0.246047042,0.15022958,216.14410094500013
877,0.09856616727,0.0001191847064,0.245325571,0.149436189,216.38942651600013
878,0.09868535198,0.0001191581193,0.246110609,0.15014735,216.63553712500013
879,0.0988045101,0.0001191317338,0.245017702,0.148851367,216.88055482700014
880,0.09892364183,0.000119105552,0.24633654,0.149723347,217.12689136700013
881,0.09904274738,0.000119079579,0.244997277,0.148779833,217.37188864400014
882,0.09916182696,0.0001190538196,0.245743745,0.149537574,217.61763238900014
883,0.09928088078,0.0001190282795,0.245060958,0.148781677,217.86269334700015
884,0.09939990906,0.0001190029637,0.245741025,0.14977516600000002,218.10843437200015
885,0.09951891202,0.0001189778778,0.244925251,0.149064521,218.35335962300016
886,0.0996378899,0.0001189530278,0.24666027,0.14990936500000002,218.60001989300017
887,0.09975684293,0.0001189250137,0.24494168,0.148655569,218.84496157300018
888,0.09987576794,6.211602862e-05,0.244416303,0.148615748,219.08937787600019
889,0.09993788397,6.211602862e-05,0.245132475,0.148812327,219.33451035100018
